PhoneNumber,ReferenceNumber,PersonName
01066140508,REF80070,أحمد محمد
01805816386,REF82953,محمد علي
01626394033,REF34742,علي حسن
01478107113,REF68746,حسن محمود
01346977061,REF62125,محمود إبراهيم
01608821084,REF98899,إبراهيم خالد
01366220318,REF84132,خالد سعيد
01274846644,REF51765,سعيد عمر
01329414893,REF24648,عمر يوسف
01701444128,REF35843,يوسف عبدالله
01469141651,REF62938,عبدالله كريم
01458957430,REF93883,كريم مصطفى
01751232642,REF47129,مصطفى ناصر
01388525401,REF14440,ناصر رامي
01609737056,REF44159,رامي وليد
01549404403,REF48903,وليد هشام
01052157369,REF36019,هشام عماد
01881098830,REF74118,عماد بلال
01397547490,REF57770,بلال تامر
01117961981,REF73855,تامر جمال
01882807568,REF74212,جمال رضا
01279351382,REF93563,رضا سامي
01209539476,REF78691,سامي فارس
01604393647,REF63605,فارس زياد
01119962758,REF40255,زياد ماهر
01048669663,REF73617,ماهر أسامة
01445126865,REF24184,أسامة حاتم
01519316212,REF43104,حاتم عادل
01895441426,REF70549,عادل نادر
01589760805,REF69243,نادر صالح
01908729024,REF12425,صالح فؤاد
01011828708,REF69537,فؤاد حازم
01155922524,REF74982,حازم وسام
01396282133,REF40332,وسام نبيل
01262838604,REF36486,نبيل رفعت
01496801778,REF81336,رفعت سليم
01775165798,REF62524,سليم أنس
01116987874,REF52683,أنس باسل
01745911648,REF22496,باسل جاد
01664121133,REF22732,جاد حمدي
01546058058,REF59075,حمدي عاطف
01246696334,REF76949,عاطف سيف
01653091759,REF15493,سيف طارق
01399089529,REF62646,طارق يحيى
01653803371,REF95616,يحيى شريف
01691829540,REF50197,شريف عمرو
01163585361,REF39790,عمرو مؤمن
01356550328,REF86031,مؤمن سعد
01205385505,REF99701,سعد عيسى
01747739778,REF21518,عيسى حبيب
